{
    "TBA": {
        "mean": 3.955095541,
        "std": 3.333139289,
        "reference_range": [0.62, 7.29],
        "red_flag": [0, 12.29]
    },
    "AST": {
        "mean": 22.10442873,
        "std": 12.27877745,
        "reference_range": [9.83, 34.38],
        "red_flag": [0, 52.8]
    },
    "CL": {
        "mean": 102.633509,
        "std": 3.897676902,
        "reference_range": [98.74, 106.53],
        "red_flag": [92.89, 112.38]
    },
    "K": {
        "mean": 3.941191628,
        "std": 0.398606006,
        "reference_range": [3.54, 4.34],
        "red_flag": [2.94, 4.94]
    },
    "UA": {
        "mean": 1.634337991,
        "std": 2.100925343,
        "reference_range": [0, 3.74],
        "red_flag": [0, 6.89]
    },
    "HCY": {
        "mean": 12.07186898,
        "std": 5.438637918,
        "reference_range": [6.63, 17.51],
        "red_flag": [0, 25.67]
    },
    "PHO": {
        "mean": 1.13705669,
        "std": 0.224577307,
        "reference_range": [0.91, 1.36],
        "red_flag": [0.58, 1.7]
    },
    "ALB": {
        "mean": 42.59465603,
        "std": 4.862407505,
        "reference_range": [37.73, 47.46],
        "red_flag": [30.44, 54.75]
    },
    "TP": {
        "mean": 66.78613561,
        "std": 6.609245742,
        "reference_range": [60.18, 73.4],
        "red_flag": [50.26, 83.31]
    },
    "FE": {
        "mean": 14.46324232,
        "std": 8.890110057,
        "reference_range": [5.57, 23.35],
        "red_flag": [0, 36.69]
    },
    "DBIL": {
        "mean": 4.19362033,
        "std": 1.774998136,
        "reference_range": [2.42, 5.97],
        "red_flag": [0, 8.63]
    },
    "CO2": {
        "mean": 24.81774023,
        "std": 2.72352592,
        "reference_range": [22.09, 27.54],
        "red_flag": [18.01, 31.63]
    },
    "ALT": {
        "mean": 24.62929793,
        "std": 20.29171936,
        "reference_range": [4.34, 44.92],
        "red_flag": [0, 75.36]
    },
    "BUN": {
        "mean": 4.670526,
        "std": 1.461760976,
        "reference_range": [3.21, 6.13],
        "red_flag": [1.02, 8.32]
    },
    "NA": {
        "mean": 140.9199811,
        "std": 4.159795964,
        "reference_range": [136.76, 145.08],
        "red_flag": [130.52, 151.32]
    },
    "CRP": {
        "mean": 26.29030518,
        "std": 35.12835065,
        "reference_range": [0, 61.42],
        "red_flag": [0, 114.11]
    },
    "TG": {
        "mean": 1.544705402,
        "std": 0.835971108,
        "reference_range": [0.71, 2.38],
        "red_flag": [0, 3.63]
    },
    "UIBC": {
        "mean": 33.76043771,
        "std": 15.46258282,
        "reference_range": [18.3, 49.22],
        "red_flag": [0, 72.42]
    },
    "CRE": {
        "mean": 67.04825394,
        "std": 16.49373715,
        "reference_range": [50.55, 83.54],
        "red_flag": [25.81, 108.28]
    },
    "LDH": {
        "mean": 180.3218974,
        "std": 52.40980642,
        "reference_range": [127.91, 232.73],
        "red_flag": [49.3, 311.35]
    },
    "GLU": {
        "mean": 5.585075,
        "std": 1.240591,
        "reference_range": [4.34, 6.83],
        "red_flag": [2.48, 8.69]
    },
    "TBIL": {
        "mean": 10.09263572,
        "std": 4.795326775,
        "reference_range": [5.3, 14.89],
        "red_flag": [0, 22.08]
    },
    "PA": {
        "mean": 230.0460748,
        "std": 63.47537193,
        "reference_range": [166.57, 293.52],
        "red_flag": [71.36, 388.73]
    },
    "MG": {
        "mean": 0.876985294,
        "std": 0.082988389,
        "reference_range": [0.79, 0.96],
        "red_flag": [0.67, 1.08]
    },
    "CHO": {
        "mean": 4.346054653,
        "std": 0.962542292,
        "reference_range": [3.38, 5.31],
        "red_flag": [1.94, 6.75]
    },
    "CA": {
        "mean": 2.24286788,
        "std": 0.130685231,
        "reference_range": [2.11, 2.37],
        "red_flag": [1.92, 2.57]
    },
    "ALP": {
        "mean": 72.40134974,
        "std": 24.96830581,
        "reference_range": [47.43, 97.37],
        "red_flag": [9.98, 134.82]
    },
    "LDL": {
        "mean": 2.745307962,
        "std": 0.868006413,
        "reference_range": [1.88, 3.61],
        "red_flag": [0.58, 4.92]
    },
    "GGT": {
        "mean": 33.55186246,
        "std": 30.74118193,
        "reference_range": [2.81, 64.29],
        "red_flag": [0, 110.4]
    },
    "LPA": {
        "mean": 41.73499157,
        "std": 53.07926449,
        "reference_range": [0, 94.81],
        "red_flag": [0, 174.43]
    }
}